insert into public.locations (
  id,
  name,
  address_line,
  city,
  phone,
  email,
  hours,
  map_url,
  is_primary
) values
  (
    '11111111-1111-1111-1111-111111111111',
    'Mombasa Showroom',
    'Kizingo, Mombasa',
    'Mombasa',
    '0792 141 523',
    'sales@summitdrivemotors.demo',
    'Mon - Sat, 8:00 AM - 6:00 PM',
    'https://maps.google.com/?q=Kizingo+Mombasa',
    true
  ),
  (
    '22222222-2222-2222-2222-222222222222',
    'Miritini Yard',
    'Mombasa-Nairobi Road, Miritini',
    'Mombasa',
    '0704 337 697',
    'yard@summitdrivemotors.demo',
    'Mon - Sat, 8:30 AM - 5:30 PM',
    'https://maps.google.com/?q=Miritini+Mombasa',
    false
  )
on conflict (id) do update set
  name = excluded.name,
  address_line = excluded.address_line,
  city = excluded.city,
  phone = excluded.phone,
  email = excluded.email,
  hours = excluded.hours,
  map_url = excluded.map_url,
  is_primary = excluded.is_primary;

insert into public.vehicles (
  id,
  title,
  stock_code,
  slug,
  make,
  model,
  year,
  condition,
  price,
  negotiable,
  mileage,
  transmission,
  fuel_type,
  drive_type,
  body_type,
  engine_capacity,
  color,
  location_id,
  featured,
  status,
  stock_category,
  description,
  hero_image_url
) values
  (
    '10000000-0000-0000-0000-000000000001',
    '2018 Range Rover Vogue',
    'CAR-010',
    '2018-range-rover-vogue',
    'Land Rover',
    'Range Rover Vogue',
    2018,
    'New registration',
    12500000,
    false,
    140000,
    'Automatic',
    'Diesel',
    'AWD',
    'SUV',
    '3000cc',
    'Gray',
    '11111111-1111-1111-1111-111111111111',
    true,
    'published',
    'imported',
    '2018 Range Rover Vogue with 140,000 km, new registration, and a fully loaded luxury specification. Positioned as a flagship Mombasa SUV with strong road presence, premium cabin comfort, and fast enquiry routes for serious buyers.',
    'https://res.cloudinary.com/dlyrnhpcn/image/upload/1_g9gkly.jpg'
  ),
  (
    '10000000-0000-0000-0000-000000000002',
    '2008 Toyota Land Cruiser V8',
    'CAR-007',
    '2008-toyota-land-cruiser-v8',
    'Toyota',
    'Land Cruiser V8',
    2008,
    'Traded-in / Very clean',
    4850000,
    true,
    165000,
    'Automatic',
    'Petrol',
    '4WD',
    'SUV',
    '4700cc',
    'White',
    '22222222-2222-2222-2222-222222222222',
    true,
    'published',
    'traded_in',
    'Powerful Land Cruiser V8 trade-in with a spacious luxury interior, smooth automatic drive, and a clean buy-and-drive presentation. Built for buyers who want dependable V8 performance with practical Mombasa viewing access.',
    'https://res.cloudinary.com/dlyrnhpcn/image/upload/1_qnxg0i.jpg'
  ),
  (
    '10000000-0000-0000-0000-000000000003',
    '2016 Subaru Forester XT',
    'CAR-001',
    '2016-subaru-forester-xt',
    'Subaru',
    'Forester XT',
    2016,
    'Very clean',
    2580000,
    true,
    132000,
    'Automatic',
    'Petrol',
    'AWD',
    'SUV',
    '1980cc',
    'Black',
    '11111111-1111-1111-1111-111111111111',
    true,
    'published',
    'imported',
    'Clean Subaru Forester XT with turbo SUV appeal, petrol power, and flexible financing support. Buyers can start from a KES 1,548,000 deposit and clear the balance within 12 months on hire purchase terms.',
    'https://res.cloudinary.com/dlyrnhpcn/image/upload/1_fyx2rf.jpg'
  ),
  (
    '10000000-0000-0000-0000-000000000004',
    '2018 Nissan Note',
    'CAR-003',
    '2018-nissan-note',
    'Nissan',
    'Note',
    2018,
    'Accident free, original paint',
    860000,
    true,
    98000,
    'Automatic',
    'Petrol',
    'FWD',
    'Hatchback',
    '1300cc',
    'Blue',
    '11111111-1111-1111-1111-111111111111',
    false,
    'published',
    'imported',
    'Budget-friendly Nissan Note with functional AC, alloy rims, new tyres, and a clean accident-free body. Trade-ins are accepted and hire purchase is available from a KES 500,000 deposit over 12 months.',
    'https://res.cloudinary.com/dlyrnhpcn/image/upload/1_oivlbh.jpg'
  ),
  (
    '10000000-0000-0000-0000-000000000005',
    '2014 Toyota Hiace 7L',
    'CAR-004',
    '2014-toyota-hiace-7l',
    'Toyota',
    'Hiace 7L',
    2014,
    'Traded-in / Clean unit',
    1850000,
    true,
    182000,
    'Manual',
    'Diesel',
    'RWD',
    'Van',
    '3000cc',
    'White',
    '22222222-2222-2222-2222-222222222222',
    false,
    'published',
    'traded_in',
    'Reliable Hiace workhorse with strong diesel performance, practical cargo and passenger capacity, and a straightforward buy-and-drive profile. Good fit for business, school, or shuttle use in Mombasa.',
    'https://res.cloudinary.com/dlyrnhpcn/image/upload/1_lyugoe.jpg'
  ),
  (
    '10000000-0000-0000-0000-000000000006',
    '2013 Toyota Land Cruiser Prado',
    'CAR-005',
    '2013-toyota-land-cruiser-prado',
    'Toyota',
    'Land Cruiser Prado',
    2013,
    'Traded-in unit',
    3800000,
    true,
    148000,
    'Automatic',
    'Diesel',
    '4WD',
    'SUV',
    '3000cc',
    'Black',
    '22222222-2222-2222-2222-222222222222',
    true,
    'published',
    'traded_in',
    'Clean and well-maintained executive Prado with luxury interior space, strong engine performance, and smooth automatic drive. Presented as an accident-free traded-in unit ready for viewing in Mombasa.',
    'https://res.cloudinary.com/dlyrnhpcn/image/upload/1_vcuu82.jpg'
  ),
  (
    '10000000-0000-0000-0000-000000000007',
    '2014 Toyota Fielder',
    'CAR-006',
    '2014-toyota-fielder',
    'Toyota',
    'Fielder',
    2014,
    'Very clean',
    1270000,
    true,
    124000,
    'Automatic',
    'Petrol',
    'FWD',
    'Wagon',
    '1500cc',
    'White',
    '11111111-1111-1111-1111-111111111111',
    false,
    'published',
    'used',
    'Very clean Toyota Fielder with practical daily-use economy and a buyer-friendly price point. Flexible financing starts from a KES 762,000 deposit with the balance cleared over 12 months on hire purchase terms.',
    'https://res.cloudinary.com/dlyrnhpcn/image/upload/1_tub58n.jpg'
  ),
  (
    '10000000-0000-0000-0000-000000000008',
    '2009 Toyota Land Cruiser V8 ZX',
    'KDJ-001',
    '2009-toyota-land-cruiser-v8-zx',
    'Toyota',
    'Land Cruiser V8 ZX',
    2009,
    'Traded-in / Clean unit',
    3900000,
    true,
    174000,
    'Automatic',
    'Petrol',
    '4WD',
    'SUV',
    '4700cc',
    'White',
    '22222222-2222-2222-2222-222222222222',
    false,
    'published',
    'traded_in',
    'Seven-seater Land Cruiser V8 ZX with strong V8 power, smooth automatic drive, and a spacious luxury cabin. Positioned as a clean trade-in for buyers who want prestige and comfort without jumping to newer pricing.',
    'https://res.cloudinary.com/dlyrnhpcn/image/upload/1_tgqbta.jpg'
  ),
  (
    '10000000-0000-0000-0000-000000000009',
    '2015 Ford Ranger Wildtrak',
    'CAR-009',
    '2015-ford-ranger-wildtrak',
    'Ford',
    'Ranger Wildtrak',
    2015,
    'Very clean',
    2500000,
    true,
    156000,
    'Automatic',
    'Diesel',
    '4WD',
    'Pickup',
    '3198cc',
    'Orange',
    '11111111-1111-1111-1111-111111111111',
    true,
    'published',
    'used',
    'Wildtrak pickup with diesel torque, commanding road stance, and clean presentation for both business and lifestyle use. Hire purchase can start from a KES 1,500,000 deposit with a 12-month balance plan.',
    'https://res.cloudinary.com/dlyrnhpcn/image/upload/1_tt0osk.jpg'
  ),
  (
    '10000000-0000-0000-0000-000000000010',
    '2014 Subaru Forester',
    'CAR-008',
    '2014-subaru-forester',
    'Subaru',
    'Forester',
    2014,
    'Traded-in / Clean unit',
    1790000,
    true,
    129000,
    'Automatic',
    'Petrol',
    'AWD',
    'SUV',
    '1900cc',
    'Black',
    '11111111-1111-1111-1111-111111111111',
    false,
    'published',
    'traded_in',
    'Clean Subaru Forester trade-in with comfortable interior space, efficient petrol running, and a smooth automatic drive. A practical Mombasa SUV option for buyers who want value without losing versatility.',
    'https://res.cloudinary.com/dlyrnhpcn/image/upload/1_bmljfj.jpg'
  ),
  (
    '10000000-0000-0000-0000-000000000011',
    '2014 BMW X3',
    'CAR-012',
    '2014-bmw-x3',
    'BMW',
    'X3',
    2014,
    'Accident free, original paint',
    1990000,
    true,
    141000,
    'Automatic',
    'Petrol',
    'AWD',
    'SUV',
    '1900cc',
    'White',
    '11111111-1111-1111-1111-111111111111',
    false,
    'published',
    'used',
    'BMW X3 with original paint, functional AC, alloy rims, and a fully loaded cabin feel. Hire purchase is available from a KES 1,300,000 deposit with the balance spread over 12 months.',
    'https://res.cloudinary.com/dlyrnhpcn/image/upload/1_sw86qo.jpg'
  ),
  (
    '10000000-0000-0000-0000-000000000012',
    '2016 Mazda CX-5',
    'CAR-013',
    '2016-mazda-cx-5',
    'Mazda',
    'CX-5',
    2016,
    'Accident free, original paint',
    1590000,
    true,
    136000,
    'Automatic',
    'Diesel',
    'AWD',
    'SUV',
    '2200cc',
    'White',
    '11111111-1111-1111-1111-111111111111',
    false,
    'published',
    'imported',
    'Mazda CX-5 with original paint, new tyres, functional AC, and diesel efficiency. Hire purchase starts from a KES 900,000 deposit with a practical 12-month balance plan.',
    'https://res.cloudinary.com/dlyrnhpcn/image/upload/1_rsugnm.jpg'
  ),
  (
    '10000000-0000-0000-0000-000000000013',
    '2010 Toyota Vanguard',
    'CAR-015',
    '2010-toyota-vanguard',
    'Toyota',
    'Vanguard',
    2010,
    'Accident free, original paint',
    1490000,
    true,
    158000,
    'Automatic',
    'Petrol',
    'AWD',
    'SUV',
    '2400cc',
    'White',
    '11111111-1111-1111-1111-111111111111',
    false,
    'published',
    'imported',
    'Toyota Vanguard with original paint, new tyres, and a practical family-SUV stance. Positioned for buyers who want a roomy petrol crossover without moving into higher Prado pricing.',
    'https://res.cloudinary.com/dlyrnhpcn/image/upload/1_mkt4tl.jpg'
  ),
  (
    '10000000-0000-0000-0000-000000000014',
    '2015 Nissan X-Trail',
    'CAR-014',
    '2015-nissan-x-trail',
    'Nissan',
    'X-Trail',
    2015,
    'Accident free, original paint',
    1490000,
    true,
    127000,
    'Automatic',
    'Petrol',
    '4WD',
    'SUV',
    '1900cc',
    'Red',
    '11111111-1111-1111-1111-111111111111',
    false,
    'published',
    'imported',
    'Flexible X-Trail with 2WD and 4WD capability, clean bodywork, functional AC, and alloy rims. Hire purchase is available from a KES 850,000 deposit with the balance cleared over 12 months.',
    'https://res.cloudinary.com/dlyrnhpcn/image/upload/1_oojuhy.jpg'
  ),
  (
    '10000000-0000-0000-0000-000000000015',
    '2014 Toyota Premio',
    'CAR-016',
    '2014-toyota-premio',
    'Toyota',
    'Premio',
    2014,
    'Accident free, original paint',
    1490000,
    true,
    119000,
    'Automatic',
    'Petrol',
    'FWD',
    'Sedan',
    '1800cc',
    'Silver',
    '11111111-1111-1111-1111-111111111111',
    false,
    'published',
    'used',
    'Toyota Premio with tested engine and gearbox, functional AC, new tyres, and clean bodywork. Hire purchase can start from a KES 850,000 deposit with the remaining balance spread across 12 months.',
    'https://res.cloudinary.com/dlyrnhpcn/image/upload/1_w5ugdy.jpg'
  )
on conflict (id) do update set
  title = excluded.title,
  stock_code = excluded.stock_code,
  slug = excluded.slug,
  make = excluded.make,
  model = excluded.model,
  year = excluded.year,
  condition = excluded.condition,
  price = excluded.price,
  negotiable = excluded.negotiable,
  mileage = excluded.mileage,
  transmission = excluded.transmission,
  fuel_type = excluded.fuel_type,
  drive_type = excluded.drive_type,
  body_type = excluded.body_type,
  engine_capacity = excluded.engine_capacity,
  color = excluded.color,
  location_id = excluded.location_id,
  featured = excluded.featured,
  status = excluded.status,
  stock_category = excluded.stock_category,
  description = excluded.description,
  hero_image_url = excluded.hero_image_url;

-- Full galleries are synced later from Cloudinary using vehicles.stock_code to match the asset folder.

insert into public.reviews (
  id,
  customer_name,
  rating,
  quote,
  vehicle_label,
  featured,
  sort_order
) values
  (
    '30000000-0000-0000-0000-000000000001',
    'Asha M.',
    5,
    'The photos matched what I found on the ground in Mombasa and the WhatsApp follow-up was fast enough to help me decide the same day.',
    'Range Rover Vogue',
    true,
    1
  ),
  (
    '30000000-0000-0000-0000-000000000002',
    'Kelvin B.',
    5,
    'I liked that the finance conversation was explained in plain language instead of giving me a long process before I even saw the car.',
    'Toyota Fielder',
    true,
    2
  ),
  (
    '30000000-0000-0000-0000-000000000003',
    'Mariam N.',
    5,
    'The Prado looked exactly like the gallery and the team handled the viewing without pressure. It felt much clearer than most dealer sites.',
    'Toyota Land Cruiser Prado',
    true,
    3
  )
on conflict (id) do update set
  customer_name = excluded.customer_name,
  rating = excluded.rating,
  quote = excluded.quote,
  vehicle_label = excluded.vehicle_label,
  featured = excluded.featured,
  sort_order = excluded.sort_order;
